id,full_name,url,stars,forks,commit,openIssue,closedIssue,collaborators,last_activity
262236251,SR-Sunny-Raj/Hacktoberfest2021-DSA,https://api.github.com/repos/SR-Sunny-Raj/Hacktoberfest2021-DSA,242,1108,2765,0,111,472,2021-12-16T17:54:20Z
299900184,bhaveshlohana/HacktoberFest2020-Contributions,https://api.github.com/repos/bhaveshlohana/HacktoberFest2020-Contributions,189,1044,2347,11,25,458,2022-02-08T06:57:50Z
127184470,ambujraj/hacktoberfest2018,https://api.github.com/repos/ambujraj/hacktoberfest2018,140,1068,2557,21,6,427,2021-11-05T15:51:35Z
33015583,keras-team/keras,https://api.github.com/repos/keras-team/keras,53882,18986,6448,219,10846,426,2022-02-14T14:06:56Z
155220641,huggingface/transformers,https://api.github.com/repos/huggingface/transformers,57707,13641,8919,342,8303,424,2022-02-14T15:21:17Z
93438176,ZoranPandovski/al-go-rithms,https://api.github.com/repos/ZoranPandovski/al-go-rithms,1144,1833,6868,13,175,423,2022-01-31T13:07:20Z
257648141,Adapter-Hub/adapter-transformers,https://api.github.com/repos/Adapter-Hub/adapter-transformers,655,106,8763,31,104,417,2022-02-13T16:38:15Z
45717250,tensorflow/tensorflow,https://api.github.com/repos/tensorflow/tensorflow,162647,86282,124966,2341,31627,406,2022-02-14T15:13:44Z
151619717,google-research/google-research,https://api.github.com/repos/google-research/google-research,21768,5128,2879,477,216,397,2022-02-14T04:25:33Z
70746484,apache/tvm,https://api.github.com/repos/apache/tvm,7664,2376,7515,218,1933,396,2022-02-14T15:25:39Z
379411992,tlc-pack/relax,https://api.github.com/repos/tlc-pack/relax,59,16,7484,14,5,395,2022-02-13T19:18:10Z
290981320,microsoft/fastformers,https://api.github.com/repos/microsoft/fastformers,618,36,4322,1,15,394,2021-08-04T05:05:08Z
349817814,tlc-pack/tenset,https://api.github.com/repos/tlc-pack/tenset,37,12,5840,4,5,392,2021-08-31T19:57:59Z
291217084,microsoft/tensorflow-directml,https://api.github.com/repos/microsoft/tensorflow-directml,345,20,63857,14,25,382,2022-02-09T22:35:10Z
263748045,NVIDIA/tensorflow,https://api.github.com/repos/NVIDIA/tensorflow,337,58,64032,11,30,381,2022-02-09T22:35:07Z
441354843,alibaba/DeepRec,https://api.github.com/repos/alibaba/DeepRec,116,46,64658,2,3,380,2022-02-14T11:56:42Z
51117837,tensorflow/models,https://api.github.com/repos/tensorflow/models,72662,45437,7752,1130,5638,376,2022-02-14T08:04:47Z
125344817,VLOGroup/tensorflow-icg,https://api.github.com/repos/VLOGroup/tensorflow-icg,17,10,25960,0,3,370,2022-01-07T22:33:15Z
108053674,tensorflow/probability,https://api.github.com/repos/tensorflow/probability,3583,963,11280,482,639,365,2022-02-14T06:38:33Z
136202695,mlflow/mlflow,https://api.github.com/repos/mlflow/mlflow,11218,2485,2487,841,1196,340,2022-02-14T13:01:35Z
156939672,microsoft/onnxruntime,https://api.github.com/repos/microsoft/onnxruntime,6197,1426,6294,666,2186,323,2022-02-14T09:58:54Z
153251691,Ishaan28malik/Hacktoberfest-2021,https://api.github.com/repos/Ishaan28malik/Hacktoberfest-2021,534,1427,1073,14,19,313,2021-11-18T12:59:44Z
123870315,tensorflow/tfjs,https://api.github.com/repos/tensorflow/tfjs,15942,1670,5096,505,2785,299,2022-02-14T03:04:16Z
133100880,kubeflow/pipelines,https://api.github.com/repos/kubeflow/pipelines,2676,1149,3964,594,2140,294,2022-02-14T15:12:54Z
292271265,SpooderManEXE/Hacktoberfest2020-Expert,https://api.github.com/repos/SpooderManEXE/Hacktoberfest2020-Expert,57,262,1272,0,1,278,2021-10-10T03:15:51Z
412498607,sonumahajan/All_Program_helper,https://api.github.com/repos/sonumahajan/All_Program_helper,34,272,1178,0,17,277,2021-11-01T02:57:31Z
185701977,huaweicloud/ModelArts-Lab,https://api.github.com/repos/huaweicloud/ModelArts-Lab,891,867,2507,59,111,276,2021-11-26T08:13:32Z
147851824,aws-samples/eks-workshop,https://api.github.com/repos/aws-samples/eks-workshop,657,1007,951,107,261,262,2022-02-08T23:09:27Z
91379993,tensorflow/tensorboard,https://api.github.com/repos/tensorflow/tensorboard,5762,1472,4942,506,1088,250,2022-02-12T19:45:39Z
42408083,dask/distributed,https://api.github.com/repos/dask/distributed,1295,586,4344,743,1684,249,2022-02-14T14:33:26Z
264818686,ultralytics/yolov5,https://api.github.com/repos/ultralytics/yolov5,21813,7706,1778,215,4492,204,2022-02-14T15:03:15Z
301953275,BalajiG2000/Code_Dump,https://api.github.com/repos/BalajiG2000/Code_Dump,19,158,664,0,2,190,2021-11-11T18:11:08Z
81887991,microsoft/AirSim,https://api.github.com/repos/microsoft/AirSim,12670,3587,3350,496,2573,186,2022-02-11T14:19:58Z
261861733,keras-team/keras-io,https://api.github.com/repos/keras-team/keras-io,1355,1210,835,193,92,182,2022-02-12T09:16:35Z
212170850,vikumkbv/Hacktoberfest-2k19,https://api.github.com/repos/vikumkbv/Hacktoberfest-2k19,32,148,637,7,2,177,2022-02-12T22:09:17Z
159249114,tensorflow/addons,https://api.github.com/repos/tensorflow/addons,1438,538,1434,178,702,176,2022-02-14T04:25:20Z
56459948,GoogleCloudPlatform/training-data-analyst,https://api.github.com/repos/GoogleCloudPlatform/training-data-analyst,5793,4622,6624,85,66,167,2022-02-14T14:40:00Z
91730359,GoogleCloudPlatform/professional-services,https://api.github.com/repos/GoogleCloudPlatform/professional-services,1982,965,1662,45,81,159,2022-02-14T15:27:00Z
122299416,optuna/optuna,https://api.github.com/repos/optuna/optuna,5898,651,11534,104,944,154,2022-02-14T15:26:58Z
300164847,vijaygupta18/Hacktober-2020,https://api.github.com/repos/vijaygupta18/Hacktober-2020,53,142,648,0,3,153,2021-10-10T10:27:25Z
152056923,tkn-tub/ns3-gym,https://api.github.com/repos/tkn-tub/ns3-gym,302,144,13846,22,28,150,2022-01-19T09:13:39Z
135673451,microsoft/nni,https://api.github.com/repos/microsoft/nni,10937,1551,2484,249,1244,144,2022-02-14T14:09:03Z
300537393,its-harshil/Hacktoberfest_2021,https://api.github.com/repos/its-harshil/Hacktoberfest_2021,31,163,550,1,20,143,2021-10-27T11:04:48Z
99846383,horovod/horovod,https://api.github.com/repos/horovod/horovod,12102,2005,1139,272,1673,135,2022-02-14T14:58:34Z
114898943,SeldonIO/seldon-core,https://api.github.com/repos/SeldonIO/seldon-core,2900,630,7049,112,1722,130,2022-02-14T11:38:03Z
74505259,slundberg/shap,https://api.github.com/repos/slundberg/shap,15357,2318,2011,1250,571,125,2022-02-13T11:31:17Z
43098215,deepchem/deepchem,https://api.github.com/repos/deepchem/deepchem,3409,1264,7400,390,994,123,2022-02-14T10:25:14Z
204086862,streamlit/streamlit,https://api.github.com/repos/streamlit/streamlit,17588,1583,4572,523,1714,123,2022-02-14T10:06:38Z
111340129,keras-team/autokeras,https://api.github.com/repos/keras-team/autokeras,8321,1349,1283,68,728,120,2022-02-14T06:02:30Z
66823715,intel-analytics/BigDL,https://api.github.com/repos/intel-analytics/BigDL,3833,964,16651,297,805,118,2022-02-14T09:30:18Z
300134298,sd2001/HacktoberFest2020,https://api.github.com/repos/sd2001/HacktoberFest2020,22,95,486,0,2,115,2021-10-03T05:19:45Z
169116405,tensorflow/tfx,https://api.github.com/repos/tensorflow/tfx,1691,539,4076,231,488,114,2022-02-14T09:44:41Z
6942323,bgruening/galaxytools,https://api.github.com/repos/bgruening/galaxytools,95,174,6154,96,98,112,2022-02-12T17:02:50Z
50881110,aimacode/aima-python,https://api.github.com/repos/aimacode/aima-python,6229,2988,1190,109,264,111,2022-02-01T16:40:36Z
68254498,cleverhans-lab/cleverhans,https://api.github.com/repos/cleverhans-lab/cleverhans,5394,1347,3201,21,422,110,2022-01-23T02:08:30Z
277549433,akshitagupta15june/Face-X,https://api.github.com/repos/akshitagupta15june/Face-X,141,217,2729,28,386,109,2022-02-14T07:52:59Z
267223745,oneapi-src/oneAPI-samples,https://api.github.com/repos/oneapi-src/oneAPI-samples,259,283,648,18,41,107,2022-02-13T18:36:05Z
76095264,autorope/donkeycar,https://api.github.com/repos/autorope/donkeycar,2210,1139,2125,79,266,107,2022-02-12T23:51:48Z
36804486,tqdm/tqdm,https://api.github.com/repos/tqdm/tqdm,21075,1073,1889,270,541,102,2022-02-14T15:26:19Z
157936206,tensorflow/agents,https://api.github.com/repos/tensorflow/agents,2175,595,2000,106,419,102,2022-02-13T14:09:29Z
27452807,broadinstitute/gatk,https://api.github.com/repos/broadinstitute/gatk,1166,471,4413,1025,3191,97,2022-02-14T15:27:00Z
187248482,OSGeo/grass-addons,https://api.github.com/repos/OSGeo/grass-addons,59,97,8200,45,79,97,2022-02-14T13:42:12Z
9626741,Nuitka/Nuitka,https://api.github.com/repos/Nuitka/Nuitka,6374,359,8901,176,1012,97,2022-02-14T10:10:52Z
90328920,intel-analytics/analytics-zoo,https://api.github.com/repos/intel-analytics/analytics-zoo,2466,712,3421,418,840,96,2022-02-10T04:55:12Z
300509670,Aman22sharma/Hacktoberfest2021_beginner,https://api.github.com/repos/Aman22sharma/Hacktoberfest2021_beginner,106,320,417,10,6,96,2022-01-28T10:30:32Z
95862535,apple/coremltools,https://api.github.com/repos/apple/coremltools,2537,397,911,313,547,94,2022-02-05T03:43:55Z
161556784,tensorflow/federated,https://api.github.com/repos/tensorflow/federated,1750,425,3707,58,220,89,2022-02-14T05:08:27Z
293648492,Learn-Write-Repeat/Open-contributions,https://api.github.com/repos/Learn-Write-Repeat/Open-contributions,48,455,1456,27,9,89,2021-10-31T10:47:43Z
86031674,wandb/client,https://api.github.com/repos/wandb/client,3688,291,4391,229,1299,87,2022-02-12T01:28:03Z
234634164,aws/deep-learning-containers,https://api.github.com/repos/aws/deep-learning-containers,352,219,1159,62,42,79,2022-02-14T06:57:49Z
119894375,kubeflow/examples,https://api.github.com/repos/kubeflow/examples,1111,605,485,1,377,79,2022-02-12T02:45:59Z
131881622,NVIDIA/DeepLearningExamples,https://api.github.com/repos/NVIDIA/DeepLearningExamples,7586,2149,1075,118,450,79,2022-02-11T22:53:47Z
149430917,microsoft/recommenders,https://api.github.com/repos/microsoft/recommenders,12149,2105,7343,118,531,78,2022-02-14T10:26:38Z
124910572,mozilla/bugbug,https://api.github.com/repos/mozilla/bugbug,379,233,4461,230,586,78,2022-02-14T07:49:56Z
50527925,Vaa3D/vaa3d_tools,https://api.github.com/repos/Vaa3D/vaa3d_tools,66,62,7749,4,1,76,2022-02-11T03:36:28Z
114747226,deepfakes/faceswap,https://api.github.com/repos/deepfakes/faceswap,40256,11485,1411,22,709,75,2022-01-15T02:17:43Z
154412076,IntelAI/models,https://api.github.com/repos/IntelAI/models,336,140,2183,21,29,73,2022-02-14T15:05:16Z
125381318,Trusted-AI/adversarial-robustness-toolbox,https://api.github.com/repos/Trusted-AI/adversarial-robustness-toolbox,2766,770,9404,74,559,73,2022-02-14T10:56:23Z
69576253,GoogleCloudPlatform/cloudml-samples,https://api.github.com/repos/GoogleCloudPlatform/cloudml-samples,1453,866,1198,0,207,73,2021-12-17T01:37:36Z
112676803,apple/turicreate,https://api.github.com/repos/apple/turicreate,10571,1120,1571,473,1284,73,2021-11-29T19:55:31Z
189305903,tensorflow/text,https://api.github.com/repos/tensorflow/text,887,180,596,26,123,71,2022-02-12T00:16:40Z
85799683,christophM/interpretable-ml-book,https://api.github.com/repos/christophM/interpretable-ml-book,4003,848,1824,11,136,70,2022-02-13T09:28:29Z
334167971,ashishsahu1/ML-ProjectYard,https://api.github.com/repos/ashishsahu1/ML-ProjectYard,88,114,844,3,264,70,2021-07-13T19:51:43Z
135768037,NVIDIA/DALI,https://api.github.com/repos/NVIDIA/DALI,3692,477,2340,148,937,67,2022-02-14T15:07:06Z
100464123,microsoft/MMdnn,https://api.github.com/repos/microsoft/MMdnn,5503,973,1083,318,289,66,2021-03-01T14:17:24Z
111113343,deepmipt/DeepPavlov,https://api.github.com/repos/deepmipt/DeepPavlov,5581,1003,2611,101,503,63,2022-02-14T10:02:44Z
125098252,onnx/tensorflow-onnx,https://api.github.com/repos/onnx/tensorflow-onnx,1336,308,2646,69,666,63,2022-02-14T09:45:34Z
155619942,tensorflow/model-optimization,https://api.github.com/repos/tensorflow/model-optimization,1193,268,717,123,149,62,2022-02-14T01:55:42Z
83074537,freesurfer/freesurfer,https://api.github.com/repos/freesurfer/freesurfer,290,161,30175,6,111,61,2022-02-11T19:55:22Z
372489086,prathimacode-hub/ML-ProjectKart,https://api.github.com/repos/prathimacode-hub/ML-ProjectKart,130,145,2603,41,271,61,2022-01-24T13:17:04Z
30907774,spmallick/learnopencv,https://api.github.com/repos/spmallick/learnopencv,15627,9850,1525,170,73,60,2022-01-25T08:23:42Z
167349656,FederatedAI/FATE,https://api.github.com/repos/FederatedAI/FATE,3912,1156,9841,345,721,59,2022-02-14T08:14:27Z
24528468,vaexio/vaex,https://api.github.com/repos/vaexio/vaex,6895,535,3420,286,633,56,2022-02-14T12:08:33Z
35236880,AllenInstitute/AllenSDK,https://api.github.com/repos/AllenInstitute/AllenSDK,248,124,6031,298,1086,54,2022-02-04T19:26:50Z
48593532,tensorpack/tensorpack,https://api.github.com/repos/tensorpack/tensorpack,6154,1827,2937,12,1332,53,2022-02-09T23:36:34Z
145148726,Azure/MachineLearningNotebooks,https://api.github.com/repos/Azure/MachineLearningNotebooks,2838,2056,1167,205,1020,53,2022-02-02T17:28:49Z
96946693,tensorflow/tpu,https://api.github.com/repos/tensorflow/tpu,4633,1659,1212,238,201,51,2022-02-03T22:37:46Z
281528773,intel/neural-compressor,https://api.github.com/repos/intel/neural-compressor,288,55,1381,9,29,50,2022-01-12T05:22:56Z
138826968,XiaoMi/mace,https://api.github.com/repos/XiaoMi/mace,4564,789,3324,40,612,48,2022-02-11T11:53:32Z
135504777,keras-team/keras-preprocessing,https://api.github.com/repos/keras-team/keras-preprocessing,1008,448,284,77,100,47,2022-02-11T05:50:43Z
40307735,flatironinstitute/CaImAn,https://api.github.com/repos/flatironinstitute/CaImAn,442,294,3858,17,493,47,2022-02-10T11:33:16Z
23809180,NUbots/NUbots,https://api.github.com/repos/NUbots/NUbots,28,12,9271,50,44,46,2022-02-13T22:05:34Z
45074604,dataiku/dataiku-contrib,https://api.github.com/repos/dataiku/dataiku-contrib,87,75,919,19,44,46,2022-02-09T23:31:59Z
205706595,mlrun/mlrun,https://api.github.com/repos/mlrun/mlrun,560,117,1860,38,101,44,2022-02-14T14:12:57Z
71305435,VertaAI/modeldb,https://api.github.com/repos/VertaAI/modeldb,1383,250,3214,79,47,44,2022-02-14T12:49:50Z
214003948,PennyLaneAI/qml,https://api.github.com/repos/PennyLaneAI/qml,280,84,532,15,47,44,2022-02-14T08:51:00Z
145453331,JohnSnowLabs/spark-nlp-workshop,https://api.github.com/repos/JohnSnowLabs/spark-nlp-workshop,643,377,1739,1,58,43,2022-02-14T13:07:28Z
191126383,allegroai/clearml,https://api.github.com/repos/allegroai/clearml,2973,412,1523,161,294,43,2022-02-14T08:18:41Z
168622088,IDAES/idaes-pse,https://api.github.com/repos/IDAES/idaes-pse,87,127,8642,78,172,43,2022-02-12T00:41:31Z
100326126,plaidml/plaidml,https://api.github.com/repos/plaidml/plaidml,4327,405,1861,285,301,43,2022-02-10T20:29:23Z
253846879,determined-ai/determined,https://api.github.com/repos/determined-ai/determined,1620,201,3215,23,138,42,2022-02-14T14:42:48Z
162747292,tensorflow/privacy,https://api.github.com/repos/tensorflow/privacy,1543,347,598,57,86,42,2022-02-12T02:35:50Z
303680708,IEEESFIT1/OpenOctober,https://api.github.com/repos/IEEESFIT1/OpenOctober,27,51,1116,4,379,42,2021-10-31T16:38:55Z
85989537,idaholab/raven,https://api.github.com/repos/idaholab/raven,149,85,10681,290,626,40,2022-02-10T23:50:22Z
241987128,natethegreate/hent-AI,https://api.github.com/repos/natethegreate/hent-AI,1186,86,489,11,9,40,2022-02-10T01:37:35Z
146165888,ultralytics/yolov3,https://api.github.com/repos/ultralytics/yolov3,8289,3068,2632,10,1700,40,2022-01-03T18:33:16Z
151525500,sql-machine-learning/sqlflow,https://api.github.com/repos/sql-machine-learning/sqlflow,4440,660,2220,245,777,39,2022-01-29T00:44:20Z
190658443,keras-team/keras-tuner,https://api.github.com/repos/keras-team/keras-tuner,2462,318,869,160,203,38,2022-02-12T15:56:39Z
127351529,mlcommons/training,https://api.github.com/repos/mlcommons/training,1259,446,272,154,76,38,2022-02-11T16:51:00Z
98541760,SmartDataAnalytics/MA-INF-4222-NLP-Lab,https://api.github.com/repos/SmartDataAnalytics/MA-INF-4222-NLP-Lab,15,43,519,0,2,38,2022-02-11T02:53:32Z
107595270,matterport/Mask_RCNN,https://api.github.com/repos/matterport/Mask_RCNN,21212,10486,203,1711,796,38,2022-01-02T23:39:40Z
184657328,NVIDIA/TensorRT,https://api.github.com/repos/NVIDIA/TensorRT,4829,1199,253,274,1272,37,2022-02-10T22:02:13Z
5844399,dpinney/omf,https://api.github.com/repos/dpinney/omf,90,58,7182,0,357,37,2022-02-09T18:41:32Z
320315156,Jayshah6699/datascience-mashup,https://api.github.com/repos/Jayshah6699/datascience-mashup,33,50,1045,8,151,37,2021-02-25T17:46:19Z
15688257,RoboJackets/roboracing-software,https://api.github.com/repos/RoboJackets/roboracing-software,68,55,1344,29,182,36,2022-02-13T23:02:11Z
119419202,wandb/examples,https://api.github.com/repos/wandb/examples,623,186,662,10,57,36,2022-02-13T10:38:44Z
191797052,xulabs/aitom,https://api.github.com/repos/xulabs/aitom,76,66,406,20,27,36,2022-01-23T22:45:18Z
366098084,Ayush7614/Soomvaar,https://api.github.com/repos/Ayush7614/Soomvaar,38,52,409,14,90,36,2022-01-17T12:04:55Z
72132009,ucbrise/clipper,https://api.github.com/repos/ucbrise/clipper,1310,271,305,114,268,36,2021-04-26T17:27:01Z
80643958,rstudio/keras,https://api.github.com/repos/rstudio/keras,729,264,2568,78,917,35,2022-02-10T13:05:59Z
126528713,tensorflow/model-analysis,https://api.github.com/repos/tensorflow/model-analysis,1138,243,1102,15,47,35,2022-02-09T19:27:06Z
295559343,google-research/federated,https://api.github.com/repos/google-research/federated,278,98,444,1,35,34,2022-02-11T17:56:57Z
24976755,hankcs/HanLP,https://api.github.com/repos/hankcs/HanLP,24932,6644,1609,3,1311,34,2022-02-11T02:17:10Z
252701518,neurodata/ProgLearn,https://api.github.com/repos/neurodata/ProgLearn,31,41,1398,43,222,34,2022-01-23T00:22:32Z
62458409,keras-rl/keras-rl,https://api.github.com/repos/keras-rl/keras-rl,5200,1329,308,12,219,33,2022-01-05T17:17:48Z
252778465,NVIDIA-Merlin/NVTabular,https://api.github.com/repos/NVIDIA-Merlin/NVTabular,638,98,827,169,434,32,2022-02-14T04:38:28Z
65924871,probml/pyprobml,https://api.github.com/repos/probml/pyprobml,4247,986,2462,5,254,32,2022-02-11T18:42:31Z
215649623,Xilinx/Vitis-AI,https://api.github.com/repos/Xilinx/Vitis-AI,742,432,1160,300,276,32,2022-01-31T17:06:19Z
263687600,openvinotoolkit/nncf,https://api.github.com/repos/openvinotoolkit/nncf,395,99,808,20,165,30,2022-02-14T15:08:39Z
108329371,fastmachinelearning/hls4ml,https://api.github.com/repos/fastmachinelearning/hls4ml,603,222,1164,110,136,30,2022-02-10T23:18:46Z
204796113,tensorflow/neural-structured-learning,https://api.github.com/repos/tensorflow/neural-structured-learning,894,173,505,1,58,30,2022-02-10T18:54:59Z
129366435,stellargraph/stellargraph,https://api.github.com/repos/stellargraph/stellargraph,2268,341,2535,252,734,30,2022-01-24T20:10:29Z
263921541,pclubiitk/model-zoo,https://api.github.com/repos/pclubiitk/model-zoo,35,37,237,1,2,29,2021-07-30T08:55:46Z
371198718,GoogleCloudPlatform/vertex-ai-samples,https://api.github.com/repos/GoogleCloudPlatform/vertex-ai-samples,168,117,288,10,29,28,2022-02-14T11:24:49Z
254755757,Palashio/libra,https://api.github.com/repos/Palashio/libra,1927,116,1367,44,128,28,2022-02-09T23:45:51Z
325845103,Comet-AI/Comet.Box,https://api.github.com/repos/Comet-AI/Comet.Box,24,30,291,28,53,28,2021-08-09T08:01:10Z
93728104,NTMC-Community/MatchZoo,https://api.github.com/repos/NTMC-Community/MatchZoo,3591,914,1810,30,429,28,2021-06-03T02:58:49Z
241095326,adap/flower,https://api.github.com/repos/adap/flower,729,185,678,108,99,27,2022-02-14T15:20:45Z
222554670,awslabs/sagemaker-debugger,https://api.github.com/repos/awslabs/sagemaker-debugger,117,55,744,54,31,27,2022-02-11T22:18:45Z
23565243,numenta/htmresearch,https://api.github.com/repos/numenta/htmresearch,224,109,5346,29,86,27,2022-02-10T00:00:08Z
105699750,yzhao062/pyod,https://api.github.com/repos/yzhao062/pyod,5224,1031,1414,107,117,27,2022-01-04T03:05:58Z
126507129,Kaggle/learntools,https://api.github.com/repos/Kaggle/learntools,319,185,2393,16,10,26,2022-02-14T14:44:57Z
89322668,ray-project/tutorial,https://api.github.com/repos/ray-project/tutorial,713,209,130,21,35,26,2021-02-19T15:22:14Z
272452525,huggingface/notebooks,https://api.github.com/repos/huggingface/notebooks,668,370,268,33,16,25,2022-02-14T09:42:08Z
263364731,mlco2/codecarbon,https://api.github.com/repos/mlco2/codecarbon,353,45,918,45,74,25,2022-02-13T17:19:03Z
104001805,HealthRex/CDSS,https://api.github.com/repos/HealthRex/CDSS,64,27,2152,84,256,25,2022-02-11T03:15:00Z
405300603,DSCVITBHOPAL/ML-Reserve,https://api.github.com/repos/DSCVITBHOPAL/ML-Reserve,13,27,274,0,51,25,2022-01-31T05:37:35Z
75081946,iitmcvg/Content,https://api.github.com/repos/iitmcvg/Content,30,40,190,0,4,25,2021-04-29T22:05:46Z
5502765,Sefaria/Sefaria-Data,https://api.github.com/repos/Sefaria/Sefaria-Data,64,55,4007,1,2,24,2022-02-14T11:47:10Z
329117231,intel/openfl,https://api.github.com/repos/intel/openfl,245,64,247,32,61,24,2022-02-12T00:50:27Z
103403966,kipoi/models,https://api.github.com/repos/kipoi/models,135,49,687,35,62,24,2022-02-11T20:09:11Z
239587597,tensorflow/cloud,https://api.github.com/repos/tensorflow/cloud,322,69,567,55,26,24,2022-01-11T21:12:58Z
139064580,tensorflow/adanet,https://api.github.com/repos/tensorflow/adanet,3356,527,440,64,48,24,2021-08-30T19:33:24Z
162919890,neomatrix369/awesome-ai-ml-dl,https://api.github.com/repos/neomatrix369/awesome-ai-ml-dl,1007,294,1273,3,8,23,2022-01-18T22:07:15Z
203558879,fetchai/agents-aea,https://api.github.com/repos/fetchai/agents-aea,110,34,11034,41,775,22,2022-02-14T13:35:53Z
112754789,sassoftware/python-dlpy,https://api.github.com/repos/sassoftware/python-dlpy,198,115,1184,20,166,22,2022-01-21T17:36:48Z
31243079,sigopt/sigopt-examples,https://api.github.com/repos/sigopt/sigopt-examples,193,62,497,1,8,21,2022-02-11T03:38:50Z
164936937,IntelAI/nauta,https://api.github.com/repos/IntelAI/nauta,394,65,1388,13,21,21,2022-02-11T03:38:10Z
210882381,interpretml/interpret-community,https://api.github.com/repos/interpretml/interpret-community,314,71,405,20,56,21,2022-02-07T13:19:26Z
72647345,ECP-CANDLE/Benchmarks,https://api.github.com/repos/ECP-CANDLE/Benchmarks,44,75,1389,20,2,21,2022-02-04T01:43:07Z
107602547,instacart/lore,https://api.github.com/repos/instacart/lore,1537,128,271,16,18,21,2022-02-02T23:21:53Z
42933477,p4-team/ctf,https://api.github.com/repos/p4-team/ctf,1522,272,1195,1,11,21,2022-02-01T15:22:38Z
180872240,numenta/nupic.research,https://api.github.com/repos/numenta/nupic.research,71,38,4608,2,5,20,2022-02-12T02:32:00Z
196340907,Trusted-AI/AIX360,https://api.github.com/repos/Trusted-AI/AIX360,1043,223,316,33,25,20,2022-02-11T23:10:10Z
227332007,nusdbsystem/singa-auto,https://api.github.com/repos/nusdbsystem/singa-auto,10,13,1673,12,41,20,2022-02-10T10:44:43Z
210452618,Adlik/Adlik,https://api.github.com/repos/Adlik/Adlik,491,49,359,25,135,20,2022-02-09T23:28:03Z
79584587,yahoo/TensorFlowOnSpark,https://api.github.com/repos/yahoo/TensorFlowOnSpark,3756,964,629,6,354,20,2022-01-20T15:05:09Z
284096588,Xilinx/Vitis-In-Depth-Tutorial,https://api.github.com/repos/Xilinx/Vitis-In-Depth-Tutorial,107,64,1381,2,14,20,2021-07-15T20:48:39Z
166495086,BrikerMan/Kashgari,https://api.github.com/repos/BrikerMan/Kashgari,2250,429,955,37,326,20,2021-07-09T03:57:16Z
320591199,neuralmagic/sparseml,https://api.github.com/repos/neuralmagic/sparseml,802,58,825,10,34,19,2022-02-14T15:29:33Z
252069995,microsoft/nnfusion,https://api.github.com/repos/microsoft/nnfusion,614,89,180,71,92,19,2022-02-14T09:31:22Z
193652854,bytedance/byteps,https://api.github.com/repos/bytedance/byteps,3056,437,431,94,158,19,2022-02-10T08:25:34Z
136919474,postech-di-lab/METIS,https://api.github.com/repos/postech-di-lab/METIS,54,53,266,23,3,19,2022-01-13T07:38:54Z
240943599,GoogleCloudPlatform/mlops-on-gcp,https://api.github.com/repos/GoogleCloudPlatform/mlops-on-gcp,381,865,689,20,3,19,2022-01-10T20:01:59Z
88892308,Azure/DataScienceVM,https://api.github.com/repos/Azure/DataScienceVM,159,101,374,4,20,19,2021-02-15T14:55:46Z
301446732,secondmind-labs/trieste,https://api.github.com/repos/secondmind-labs/trieste,105,24,277,77,64,18,2022-02-14T09:20:07Z
257688216,quic/aimet,https://api.github.com/repos/quic/aimet,838,158,602,108,376,18,2022-02-14T06:20:37Z
96467284,kipoi/kipoi,https://api.github.com/repos/kipoi/kipoi,201,38,1088,53,248,18,2022-02-10T19:39:17Z
60849305,nfmcclure/tensorflow_cookbook,https://api.github.com/repos/nfmcclure/tensorflow_cookbook,6000,2465,409,18,81,18,2022-02-09T23:29:37Z
52094077,maxpumperla/hyperas,https://api.github.com/repos/maxpumperla/hyperas,2113,307,211,92,158,18,2021-11-19T13:23:59Z
136415622,IBM/powerai,https://api.github.com/repos/IBM/powerai,56,53,376,22,23,18,2021-03-25T18:36:14Z
394994747,jina-ai/finetuner,https://api.github.com/repos/jina-ai/finetuner,412,23,405,15,102,17,2022-02-14T11:15:05Z
206366193,interpretml/interpret-text,https://api.github.com/repos/interpretml/interpret-text,300,54,146,32,16,17,2022-02-13T08:33:30Z
131646318,microsoft/EconML,https://api.github.com/repos/microsoft/EconML,1910,410,335,185,138,17,2022-02-11T23:50:36Z
272853727,huawei-noah/noah-research,https://api.github.com/repos/huawei-noah/noah-research,420,72,327,10,22,17,2022-02-11T06:58:27Z
50878370,lamastex/scalable-data-science,https://api.github.com/repos/lamastex/scalable-data-science,148,83,2615,0,1,17,2022-01-23T12:34:22Z
215496017,KonduitAI/konduit-serving,https://api.github.com/repos/KonduitAI/konduit-serving,45,13,1012,116,98,17,2022-01-07T22:41:12Z
82204883,uw-cmg/MAST-ML,https://api.github.com/repos/uw-cmg/MAST-ML,64,41,3005,22,188,17,2021-12-23T22:18:18Z
53220938,TadasBaltrusaitis/OpenFace,https://api.github.com/repos/TadasBaltrusaitis/OpenFace,5456,1672,733,258,669,17,2021-12-19T06:24:12Z
178290396,fastestimator/fastestimator,https://api.github.com/repos/fastestimator/fastestimator,40,25,3607,0,7,16,2022-02-12T00:00:29Z
301722703,cool-RR/marley,https://api.github.com/repos/cool-RR/marley,254,27,137,10,9,16,2022-02-11T10:07:52Z
133702954,vanvalenlab/deepcell-tf,https://api.github.com/repos/vanvalenlab/deepcell-tf,223,53,353,12,179,16,2022-02-09T20:32:10Z
126039059,Calamari-OCR/calamari,https://api.github.com/repos/Calamari-OCR/calamari,895,188,418,40,192,16,2022-02-09T14:34:55Z
200931125,google/qkeras,https://api.github.com/repos/google/qkeras,357,71,382,17,38,16,2022-02-07T23:03:58Z
152386408,equinor/gordo,https://api.github.com/repos/equinor/gordo,23,19,797,25,375,16,2022-02-05T05:06:41Z
124682643,stared/livelossplot,https://api.github.com/repos/stared/livelossplot,1156,140,328,4,70,16,2021-10-12T11:52:57Z
162340677,onnx/keras-onnx,https://api.github.com/repos/onnx/keras-onnx,341,111,423,102,177,16,2021-09-09T19:50:42Z
6472554,invesalius/invesalius3,https://api.github.com/repos/invesalius/invesalius3,387,164,2576,71,120,15,2022-02-14T10:56:59Z
44517034,atmtools/typhon,https://api.github.com/repos/atmtools/typhon,43,32,2065,12,44,15,2022-02-14T07:24:05Z
41762759,lukas/ml-class,https://api.github.com/repos/lukas/ml-class,1750,998,643,5,26,15,2022-02-14T05:52:08Z
80089456,oracle/Skater,https://api.github.com/repos/oracle/Skater,1012,168,1101,66,97,15,2022-02-11T18:01:55Z
139618618,tensorflow/tcav,https://api.github.com/repos/tensorflow/tcav,506,126,171,7,53,15,2022-02-11T02:59:32Z
134300570,IBM/claimed,https://api.github.com/repos/IBM/claimed,1407,2478,538,12,17,15,2022-01-28T20:23:44Z
114153539,albermax/innvestigate,https://api.github.com/repos/albermax/innvestigate,944,209,943,65,163,15,2022-01-21T20:32:45Z
137616563,MLBazaar/MLPrimitives,https://api.github.com/repos/MLBazaar/MLPrimitives,62,35,608,27,118,15,2021-11-09T20:41:25Z
167783484,scorelab/tensormap,https://api.github.com/repos/scorelab/tensormap,36,73,172,52,21,15,2021-08-15T16:01:15Z
162656117,canonical/bundle-kubeflow,https://api.github.com/repos/canonical/bundle-kubeflow,39,20,645,9,138,14,2022-02-14T15:20:02Z
140302908,supervisely/supervisely,https://api.github.com/repos/supervisely/supervisely,371,64,203,32,17,14,2022-02-14T13:30:11Z
274077856,mindspore-ai/akg,https://api.github.com/repos/mindspore-ai/akg,146,27,793,5,3,14,2022-02-14T09:05:24Z
114906951,cornell-zhang/heterocl,https://api.github.com/repos/cornell-zhang/heterocl,204,64,371,91,105,14,2022-02-13T23:02:23Z
59806725,LearnSphere/WorkflowComponents,https://api.github.com/repos/LearnSphere/WorkflowComponents,22,16,1015,14,108,14,2022-02-10T22:21:51Z
256451119,oap-project/raydp,https://api.github.com/repos/oap-project/raydp,148,33,123,27,47,14,2022-02-10T09:02:38Z
154191812,SlicerIGT/aigt,https://api.github.com/repos/SlicerIGT/aigt,29,21,610,5,10,14,2022-02-04T15:58:22Z
358017583,NVIDIA-Merlin/Transformers4Rec,https://api.github.com/repos/NVIDIA-Merlin/Transformers4Rec,439,37,793,48,140,14,2022-02-02T17:06:55Z
96913967,eriklindernoren/Keras-GAN,https://api.github.com/repos/eriklindernoren/Keras-GAN,8550,3047,185,118,98,14,2022-01-23T17:09:47Z
255711241,autogoal/autogoal,https://api.github.com/repos/autogoal/autogoal,151,48,959,20,52,14,2022-01-21T20:50:05Z
145448471,HelioML/HelioML,https://api.github.com/repos/HelioML/HelioML,42,30,462,13,17,14,2022-01-21T20:05:23Z
236185220,materialsvirtuallab/maml,https://api.github.com/repos/materialsvirtuallab/maml,150,35,1232,4,37,13,2022-02-14T13:13:01Z
360551298,tensorflow/decision-forests,https://api.github.com/repos/tensorflow/decision-forests,393,47,158,21,47,13,2022-02-14T11:07:42Z
143987419,advboxes/AdvBox,https://api.github.com/repos/advboxes/AdvBox,1201,247,375,7,29,13,2022-02-11T02:39:18Z
231085044,Tessellate-Imaging/Monk_Object_Detection,https://api.github.com/repos/Tessellate-Imaging/Monk_Object_Detection,515,220,772,24,38,13,2022-02-09T23:52:43Z
169442310,amaiya/ktrain,https://api.github.com/repos/amaiya/ktrain,945,231,2578,3,380,13,2022-02-09T02:41:31Z
246486004,smousavi05/EQTransformer,https://api.github.com/repos/smousavi05/EQTransformer,143,95,509,15,66,13,2022-02-02T04:08:29Z
118431205,wwu-mmll/photonai,https://api.github.com/repos/wwu-mmll/photonai,55,10,1625,4,2,13,2022-01-14T14:41:15Z
136181543,qubvel/segmentation_models,https://api.github.com/repos/qubvel/segmentation_models,3670,866,204,204,255,13,2022-01-04T21:11:23Z
193276319,ai-techsystems/deepC,https://api.github.com/repos/ai-techsystems/deepC,345,59,802,21,19,13,2021-08-19T19:39:50Z
193117233,gmalivenko/onnx2keras,https://api.github.com/repos/gmalivenko/onnx2keras,145,81,164,82,24,13,2021-07-31T12:49:23Z
65155092,ClimbsRocks/auto_ml,https://api.github.com/repos/ClimbsRocks/auto_ml,1562,305,1149,179,216,13,2021-02-10T07:52:35Z
241845020,smaranjitghose/DeepPixel,https://api.github.com/repos/smaranjitghose/DeepPixel,21,36,227,2,22,13,2021-01-25T13:29:47Z
327949189,mindee/doctr,https://api.github.com/repos/mindee/doctr,586,90,562,31,125,12,2022-02-14T14:47:36Z
354743794,aimakerspace/PeekingDuck,https://api.github.com/repos/aimakerspace/PeekingDuck,80,16,1818,10,221,12,2022-02-14T10:06:05Z
174168383,murthylab/sleap,https://api.github.com/repos/murthylab/sleap,133,28,2881,22,321,12,2022-02-13T19:22:46Z
233918564,salesforce/ml4ir,https://api.github.com/repos/salesforce/ml4ir,64,22,149,12,1,12,2022-02-11T21:59:22Z
149832847,arogozhnikov/einops,https://api.github.com/repos/arogozhnikov/einops,4273,172,387,30,66,12,2022-02-11T08:04:27Z
235809577,gradsflow/chitra,https://api.github.com/repos/gradsflow/chitra,176,34,363,0,33,12,2022-02-11T06:31:38Z
268641449,mlcommons/tiny,https://api.github.com/repos/mlcommons/tiny,161,39,196,5,11,12,2022-02-11T03:38:24Z
44731840,lablup/backend.ai-kernels,https://api.github.com/repos/lablup/backend.ai-kernels,25,12,3156,20,85,12,2022-02-11T03:37:39Z
147503822,criteo/tf-yarn,https://api.github.com/repos/criteo/tf-yarn,82,25,436,8,29,12,2022-02-10T09:51:50Z
125932201,OlafenwaMoses/ImageAI,https://api.github.com/repos/OlafenwaMoses/ImageAI,6815,1905,292,241,426,12,2022-02-10T01:20:44Z
62352963,kundajelab/tfmodisco,https://api.github.com/repos/kundajelab/tfmodisco,65,21,823,10,12,12,2022-01-27T05:43:16Z
141242285,PreferredAI/cornac,https://api.github.com/repos/PreferredAI/cornac,525,85,1230,8,77,12,2022-01-03T09:48:49Z
85625701,divamgupta/image-segmentation-keras,https://api.github.com/repos/divamgupta/image-segmentation-keras,2367,1003,235,137,174,12,2022-01-01T15:01:02Z
213035548,ChineseGLUE/ChineseGLUE,https://api.github.com/repos/ChineseGLUE/ChineseGLUE,1558,231,365,17,17,12,2021-12-01T06:10:48Z
29749635,donnemartin/data-science-ipython-notebooks,https://api.github.com/repos/donnemartin/data-science-ipython-notebooks,22395,6958,543,10,21,12,2021-11-04T20:19:10Z
91284550,studioml/studio,https://api.github.com/repos/studioml/studio,374,52,2409,57,195,12,2021-09-14T22:54:36Z
130670507,TrickyGo/Dive-into-DL-TensorFlow2.0,https://api.github.com/repos/TrickyGo/Dive-into-DL-TensorFlow2.0,3405,793,367,19,35,12,2021-08-31T13:34:13Z
68256277,TeamHG-Memex/eli5,https://api.github.com/repos/TeamHG-Memex/eli5,2495,318,1198,137,111,12,2021-06-10T22:02:56Z
123977530,dmbee/seglearn,https://api.github.com/repos/dmbee/seglearn,485,52,268,5,23,12,2021-03-12T17:13:13Z
305901775,TL-System/plato,https://api.github.com/repos/TL-System/plato,133,34,866,4,31,11,2022-02-14T15:34:02Z
365999954,PaddlePaddle/PaddleSleeve,https://api.github.com/repos/PaddlePaddle/PaddleSleeve,38,11,165,1,3,11,2022-02-14T08:33:50Z
93413270,google/patents-public-data,https://api.github.com/repos/google/patents-public-data,320,122,110,17,14,11,2022-02-11T02:34:02Z
95491035,Hironsan/anago,https://api.github.com/repos/Hironsan/anago,1429,374,298,37,72,11,2022-02-11T02:30:49Z
202993277,david8862/keras-YOLOv3-model-set,https://api.github.com/repos/david8862/keras-YOLOv3-model-set,562,193,528,111,102,11,2022-02-10T16:44:48Z
158587515,comet-ml/comet-examples,https://api.github.com/repos/comet-ml/comet-examples,91,44,211,0,8,11,2022-02-10T07:13:23Z
110697473,modAL-python/modAL,https://api.github.com/repos/modAL-python/modAL,1582,236,648,65,54,11,2022-02-07T09:11:55Z
75482295,riga/law,https://api.github.com/repos/riga/law,46,18,1441,11,55,11,2022-02-02T17:45:08Z
70280616,clulab/releases,https://api.github.com/repos/clulab/releases,24,10,251,1,3,11,2022-01-15T20:05:14Z
249303697,laike9m/Cyberbrain,https://api.github.com/repos/laike9m/Cyberbrain,2034,114,650,34,65,11,2022-01-13T06:04:31Z
266744330,gpuhackathons-org/gpubootcamp,https://api.github.com/repos/gpuhackathons-org/gpubootcamp,182,118,202,18,28,11,2021-11-26T10:06:07Z
209895143,faustomorales/keras-ocr,https://api.github.com/repos/faustomorales/keras-ocr,969,249,184,53,106,11,2021-11-24T10:16:01Z
207460987,microsoft/HealthyCountryAI,https://api.github.com/repos/microsoft/HealthyCountryAI,40,18,301,21,4,11,2021-11-23T06:35:34Z
244029618,data-science-on-aws/oreilly_book,https://api.github.com/repos/data-science-on-aws/oreilly_book,2468,786,3075,75,135,10,2022-02-13T23:35:16Z
275910898,petuum/autodist,https://api.github.com/repos/petuum/autodist,119,22,208,11,1,10,2022-02-11T03:20:37Z
37615400,kristinbranson/APT,https://api.github.com/repos/kristinbranson/APT,57,10,3443,135,233,10,2022-02-10T13:47:55Z
19313806,scikit-multilearn/scikit-multilearn,https://api.github.com/repos/scikit-multilearn/scikit-multilearn,719,140,487,75,94,10,2022-02-10T06:23:08Z
153201352,google-research/language,https://api.github.com/repos/google-research/language,1133,269,110,51,38,10,2022-02-10T05:53:29Z
127043727,tbd-ai/tbd-suite,https://api.github.com/repos/tbd-ai/tbd-suite,46,13,120,0,1,10,2022-02-09T23:27:46Z
286167370,datawhalechina/fun-rec,https://api.github.com/repos/datawhalechina/fun-rec,1058,351,210,0,21,10,2022-02-08T05:20:24Z
95608664,ceccocats/tkDNN,https://api.github.com/repos/ceccocats/tkDNN,624,188,530,27,227,10,2022-01-27T09:53:42Z
196285151,aws-samples/eks-workshop-greater-china,https://api.github.com/repos/aws-samples/eks-workshop-greater-china,121,90,164,7,11,10,2022-01-24T10:30:39Z
281076856,MLReef/mlreef,https://api.github.com/repos/MLReef/mlreef,1361,319,2876,0,9,10,2022-01-12T16:47:59Z
38223600,openvax/mhcflurry,https://api.github.com/repos/openvax/mhcflurry,131,43,1624,3,111,10,2021-11-30T23:43:45Z
60138482,kundajelab/deeplift,https://api.github.com/repos/kundajelab/deeplift,606,142,553,34,48,10,2021-11-11T17:50:26Z
103655196,AICommunityInno/Seminars,https://api.github.com/repos/AICommunityInno/Seminars,62,45,259,2,1,10,2021-07-30T18:29:06Z
64289132,NeuromorphicProcessorProject/snn_toolbox,https://api.github.com/repos/NeuromorphicProcessorProject/snn_toolbox,244,92,654,2,96,10,2021-07-04T13:05:36Z
394089041,spiceai/spiceai,https://api.github.com/repos/spiceai/spiceai,703,28,351,40,153,9,2022-02-14T13:42:00Z
33114259,ottogroup/palladium,https://api.github.com/repos/ottogroup/palladium,480,56,343,3,11,9,2022-02-11T22:01:51Z
219559345,JdeRobot/BehaviorMetrics,https://api.github.com/repos/JdeRobot/BehaviorMetrics,32,21,738,32,134,9,2022-02-11T08:01:54Z
273549260,IBM/federated-learning-lib,https://api.github.com/repos/IBM/federated-learning-lib,267,81,148,13,27,9,2022-02-10T06:26:50Z
167412097,kubeflow-kale/kale,https://api.github.com/repos/kubeflow-kale/kale,480,93,644,78,72,9,2022-02-10T02:26:14Z
198628357,sktime/sktime-dl,https://api.github.com/repos/sktime/sktime-dl,515,70,487,17,30,9,2022-02-10T02:13:39Z
142100489,tech-srl/code2vec,https://api.github.com/repos/tech-srl/code2vec,831,228,161,10,114,9,2022-02-10T00:14:58Z
60218942,kundajelab/dragonn,https://api.github.com/repos/kundajelab/dragonn,239,70,344,13,16,9,2022-02-09T23:30:26Z
293719013,datamllab/tods,https://api.github.com/repos/datamllab/tods,521,75,274,26,7,9,2022-02-09T16:17:40Z
21620870,dsilvestro/PyRate,https://api.github.com/repos/dsilvestro/PyRate,44,23,900,1,7,9,2022-02-03T19:06:31Z
91534719,philipperemy/keract,https://api.github.com/repos/philipperemy/keract,960,185,385,3,81,9,2022-01-24T10:17:05Z
76486613,keunwoochoi/kapre,https://api.github.com/repos/keunwoochoi/kapre,801,140,194,11,82,9,2022-01-21T20:10:47Z
109618587,analysiscenter/radio,https://api.github.com/repos/analysiscenter/radio,207,51,2488,19,26,9,2022-01-21T14:20:04Z
138826167,MIDS-scaling-up/v2,https://api.github.com/repos/MIDS-scaling-up/v2,74,111,1199,13,5,9,2022-01-13T04:21:21Z
261773048,A3Data/hermione,https://api.github.com/repos/A3Data/hermione,180,36,203,0,10,9,2022-01-03T13:15:38Z
260499197,nasa/delta,https://api.github.com/repos/nasa/delta,141,46,717,2,31,9,2021-12-16T17:23:49Z
159427040,anki/vector-python-sdk,https://api.github.com/repos/anki/vector-python-sdk,501,328,156,19,12,9,2021-12-12T09:31:46Z
257968757,CoronaWhy/task-ts,https://api.github.com/repos/CoronaWhy/task-ts,15,15,165,18,16,9,2021-11-14T00:54:04Z
254032994,zilliztech/phantoscope,https://api.github.com/repos/zilliztech/phantoscope,142,42,208,8,52,9,2021-08-25T16:13:27Z
119457511,farizrahman4u/eywa,https://api.github.com/repos/farizrahman4u/eywa,27,15,164,2,1,9,2021-06-05T19:35:15Z
89018492,broadinstitute/keras-resnet,https://api.github.com/repos/broadinstitute/keras-resnet,278,124,124,25,14,9,2021-06-04T20:19:59Z
227367327,PINTO0309/PINTO_model_zoo,https://api.github.com/repos/PINTO0309/PINTO_model_zoo,1428,239,1557,5,165,8,2022-02-13T14:51:07Z
144964647,nginyc/rafiki,https://api.github.com/repos/nginyc/rafiki,29,23,1065,38,66,8,2022-02-12T13:35:39Z
333285618,MIDS-scaling-up/v3,https://api.github.com/repos/MIDS-scaling-up/v3,27,30,414,4,1,8,2022-02-11T20:13:17Z
84505424,adalca/neurite,https://api.github.com/repos/adalca/neurite,242,46,728,6,4,8,2022-02-11T14:27:48Z
89311508,ucloud/uai-sdk,https://api.github.com/repos/ucloud/uai-sdk,33,27,334,0,3,8,2022-02-09T23:48:47Z
83119431,apachecn/AiLearning,https://api.github.com/repos/apachecn/AiLearning,32639,10734,206,2,100,8,2022-02-08T16:25:59Z
138786192,stardist/stardist,https://api.github.com/repos/stardist/stardist,368,114,674,27,134,8,2022-02-07T21:14:11Z
73519205,raghakot/keras-vis,https://api.github.com/repos/raghakot/keras-vis,2912,640,195,113,101,8,2022-02-07T16:06:07Z
176913197,drowe67/LPCNet,https://api.github.com/repos/drowe67/LPCNet,55,17,418,3,10,8,2021-12-31T23:48:39Z
71849748,totalgood/nlpia,https://api.github.com/repos/totalgood/nlpia,499,214,1045,11,15,8,2021-12-31T10:03:20Z
190982189,nilmtk/nilmtk-contrib,https://api.github.com/repos/nilmtk/nilmtk-contrib,65,39,119,17,27,8,2021-11-25T20:37:17Z
144551119,beringresearch/ivis,https://api.github.com/repos/beringresearch/ivis,255,27,611,3,50,8,2021-11-08T17:08:45Z
63896496,ijmarshall/robotreviewer,https://api.github.com/repos/ijmarshall/robotreviewer,90,46,629,8,23,8,2021-10-19T11:43:05Z
362533229,CLUEbenchmark/FewCLUE,https://api.github.com/repos/CLUEbenchmark/FewCLUE,251,36,297,3,4,8,2021-09-30T02:27:17Z
29800084,selective-inference/Python-software,https://api.github.com/repos/selective-inference/Python-software,47,29,2956,4,3,8,2021-07-06T18:13:13Z
223491631,aws-samples/aws-deepcomposer-samples,https://api.github.com/repos/aws-samples/aws-deepcomposer-samples,323,251,108,7,2,8,2021-06-04T17:34:17Z
198530422,multi-commander/Multi-Commander,https://api.github.com/repos/multi-commander/Multi-Commander,67,17,134,2,7,8,2021-05-13T07:27:26Z
129931530,IntelAI/unet,https://api.github.com/repos/IntelAI/unet,205,96,794,1,22,8,2021-05-04T13:04:02Z
114566317,automl/HpBandSter,https://api.github.com/repos/automl/HpBandSter,518,108,187,52,35,8,2021-01-31T10:05:37Z
112975045,TheCacophonyProject/classifier-pipeline,https://api.github.com/repos/TheCacophonyProject/classifier-pipeline,16,14,1422,16,11,7,2022-02-14T02:38:40Z
257801423,cap-ntu/ML-Model-CI,https://api.github.com/repos/cap-ntu/ML-Model-CI,156,27,843,26,91,7,2022-02-14T01:24:23Z
306702552,sisinflab/elliot,https://api.github.com/repos/sisinflab/elliot,159,28,624,3,7,7,2022-02-13T10:09:31Z
142691808,921kiyo/3d-dl,https://api.github.com/repos/921kiyo/3d-dl,37,14,827,2,1,7,2022-02-11T08:59:05Z
225423507,samsinai/FLEXS,https://api.github.com/repos/samsinai/FLEXS,82,10,502,1,6,7,2022-02-11T03:33:10Z
191442873,spoonsso/dannce,https://api.github.com/repos/spoonsso/dannce,102,18,421,5,66,7,2022-02-10T03:22:47Z
124822342,huseinzol05/malaya,https://api.github.com/repos/huseinzol05/malaya,296,102,576,4,82,7,2022-02-10T01:38:19Z
130369068,KDD-OpenSource/DeepADoTS,https://api.github.com/repos/KDD-OpenSource/DeepADoTS,418,93,135,8,69,7,2022-02-09T23:52:30Z
69671772,tomography/xlearn,https://api.github.com/repos/tomography/xlearn,34,34,133,3,6,7,2022-02-09T23:47:10Z
79966460,chicago-justice-project/article-tagging,https://api.github.com/repos/chicago-justice-project/article-tagging,41,23,347,12,37,7,2022-02-09T23:26:25Z
163487352,lsds/KungFu,https://api.github.com/repos/lsds/KungFu,254,45,383,3,40,7,2022-01-31T10:22:03Z
159568339,dreadl0ck/netcap,https://api.github.com/repos/dreadl0ck/netcap,1529,137,1637,1,15,7,2022-01-30T19:08:27Z
57920937,KordingLab/spykes,https://api.github.com/repos/KordingLab/spykes,88,33,299,10,47,7,2021-12-15T17:44:31Z
279468507,PurdueDualityLab/TensorFlowModels,https://api.github.com/repos/PurdueDualityLab/TensorFlowModels,29,12,2903,2,2,7,2021-11-30T17:21:06Z
131621053,TrustAI/DeepConcolic,https://api.github.com/repos/TrustAI/DeepConcolic,97,39,618,3,9,7,2021-07-16T09:13:04Z
143249816,alibaba/ai-matrix,https://api.github.com/repos/alibaba/ai-matrix,165,73,299,9,4,6,2022-02-10T02:03:24Z
159797814,MorvanZhou/NLP-Tutorials,https://api.github.com/repos/MorvanZhou/NLP-Tutorials,608,235,321,3,11,6,2022-02-10T01:56:01Z
194144428,IBM/depiction,https://api.github.com/repos/IBM/depiction,38,21,285,5,24,6,2022-02-10T00:24:06Z
81460066,oarriaga/face_classification,https://api.github.com/repos/oarriaga/face_classification,5180,1563,147,40,78,6,2022-02-09T23:32:20Z
204388414,bojone/bert4keras,https://api.github.com/repos/bojone/bert4keras,4091,794,1826,125,292,6,2022-01-30T14:54:48Z
153859755,CyberZHG/keras-bert,https://api.github.com/repos/CyberZHG/keras-bert,2281,504,142,0,201,6,2022-01-22T10:33:11Z
254741570,adriangb/scikeras,https://api.github.com/repos/adriangb/scikeras,90,17,186,26,76,6,2022-01-06T00:20:44Z
248271633,neptune-ai/neptune-examples,https://api.github.com/repos/neptune-ai/neptune-examples,22,13,138,0,5,6,2021-10-07T12:14:43Z
162141645,Merck/deepbgc,https://api.github.com/repos/Merck/deepbgc,54,20,152,10,27,6,2021-10-06T06:38:35Z
190687137,rasbt/python-machine-learning-book-3rd-edition,https://api.github.com/repos/rasbt/python-machine-learning-book-3rd-edition,2993,1312,228,14,60,6,2021-08-27T12:21:39Z
175305311,INK-USC/AlpacaTag,https://api.github.com/repos/INK-USC/AlpacaTag,122,19,376,12,3,6,2021-02-17T22:48:25Z
166622408,GantMan/nsfw_model,https://api.github.com/repos/GantMan/nsfw_model,864,172,103,45,37,6,2021-01-26T15:33:16Z
136420067,xulabs/projects,https://api.github.com/repos/xulabs/projects,33,11,272,3,2,6,2021-01-25T23:21:56Z
317930627,aiqc/AIQC,https://api.github.com/repos/aiqc/AIQC,57,16,638,24,29,5,2022-02-13T14:41:59Z
129458870,kermitt2/delft,https://api.github.com/repos/kermitt2/delft,324,57,530,25,40,5,2022-02-11T03:30:40Z
195387613,zurutech/ashpy,https://api.github.com/repos/zurutech/ashpy,86,11,256,24,17,5,2022-02-11T03:05:03Z
53871408,bio-ontology-research-group/phenomenet-vp,https://api.github.com/repos/bio-ontology-research-group/phenomenet-vp,26,12,183,5,4,5,2022-02-11T02:39:51Z
199943153,negrinho/deep_architect,https://api.github.com/repos/negrinho/deep_architect,116,13,492,3,4,5,2022-02-10T00:36:50Z
169527185,smellslikeml/ActionAI,https://api.github.com/repos/smellslikeml/ActionAI,508,153,131,23,15,5,2022-02-10T00:28:17Z
185262586,re-search/DocProduct,https://api.github.com/repos/re-search/DocProduct,518,141,333,21,11,5,2022-02-10T00:12:45Z
153459506,marl/openl3,https://api.github.com/repos/marl/openl3,266,42,327,18,39,5,2022-02-09T22:42:21Z
64230020,hcmlab/nova,https://api.github.com/repos/hcmlab/nova,131,28,1295,14,46,5,2022-02-08T14:22:47Z
200918764,HumanCompatibleAI/human_aware_rl,https://api.github.com/repos/HumanCompatibleAI/human_aware_rl,59,19,137,2,7,5,2022-02-01T00:22:26Z
225545436,datawhalechina/competition-baseline,https://api.github.com/repos/datawhalechina/competition-baseline,2605,795,274,0,14,5,2022-01-29T11:29:46Z
414875535,tianmiantech/WeFe,https://api.github.com/repos/tianmiantech/WeFe,63,14,782,2,5,5,2022-01-21T02:04:54Z
104427181,tensorflow/lattice,https://api.github.com/repos/tensorflow/lattice,483,89,104,5,49,5,2022-01-19T01:23:57Z
72968591,PPPLDeepLearning/plasma-python,https://api.github.com/repos/PPPLDeepLearning/plasma-python,71,38,1114,19,9,5,2022-01-12T21:03:04Z
91767564,philipperemy/deep-speaker,https://api.github.com/repos/philipperemy/deep-speaker,687,212,344,0,73,5,2022-01-12T08:22:50Z
141228949,tracholar/ml-homework-cz,https://api.github.com/repos/tracholar/ml-homework-cz,21,10,348,0,1,5,2021-10-22T11:10:43Z
61832342,openeventdata/mordecai,https://api.github.com/repos/openeventdata/mordecai,636,84,233,19,69,5,2021-09-17T11:54:38Z
71860524,teinhonglo/Information-retrieval,https://api.github.com/repos/teinhonglo/Information-retrieval,52,32,412,1,4,5,2021-09-05T05:51:03Z
192155460,dragen1860/Deep-Learning-with-TensorFlow-book,https://api.github.com/repos/dragen1860/Deep-Learning-with-TensorFlow-book,12189,3959,151,73,148,5,2021-08-30T10:54:30Z
275100993,PacktPublishing/Tensorflow-2-Reinforcement-Learning-Cookbook,https://api.github.com/repos/PacktPublishing/Tensorflow-2-Reinforcement-Learning-Cookbook,85,52,317,1,17,5,2021-08-13T23:20:37Z
82329392,hep-lbdl/CaloGAN,https://api.github.com/repos/hep-lbdl/CaloGAN,96,59,153,5,1,5,2021-06-24T16:46:15Z
269934921,HealthML/self-supervised-3d-tasks,https://api.github.com/repos/HealthML/self-supervised-3d-tasks,121,26,509,1,19,5,2021-05-25T14:19:05Z
248081435,GoogleCloudPlatform/ml-design-patterns,https://api.github.com/repos/GoogleCloudPlatform/ml-design-patterns,1057,277,147,19,7,5,2021-04-28T23:11:45Z
300070966,IVPLatNU/DeepCovidXR,https://api.github.com/repos/IVPLatNU/DeepCovidXR,13,10,188,4,4,5,2021-03-06T13:59:50Z
133389964,geomstats/applications,https://api.github.com/repos/geomstats/applications,24,10,143,1,5,5,2021-03-06T00:04:29Z
180587550,keiohta/tf2rl,https://api.github.com/repos/keiohta/tf2rl,407,92,985,36,79,4,2022-02-13T02:49:47Z
185998708,digantamisra98/Mish,https://api.github.com/repos/digantamisra98/Mish,1185,124,2404,1,29,4,2022-02-12T19:52:12Z
22489033,lazyprogrammer/machine_learning_examples,https://api.github.com/repos/lazyprogrammer/machine_learning_examples,6541,5536,343,30,15,4,2022-02-12T05:01:07Z
161178225,omegaml/omegaml,https://api.github.com/repos/omegaml/omegaml,74,10,159,35,25,4,2022-02-11T14:34:41Z
164525439,dolongbien/HumanBehaviorBKU,https://api.github.com/repos/dolongbien/HumanBehaviorBKU,92,46,150,11,7,4,2022-02-11T02:55:25Z
173690466,jason9693/MusicTransformer-tensorflow2.0,https://api.github.com/repos/jason9693/MusicTransformer-tensorflow2.0,280,69,119,17,3,4,2022-02-11T02:51:36Z
136194704,CSBDeep/CSBDeep,https://api.github.com/repos/CSBDeep/CSBDeep,187,60,299,16,38,4,2022-02-10T20:03:22Z
245462564,AIWintermuteAI/aXeleRate,https://api.github.com/repos/AIWintermuteAI/aXeleRate,140,56,257,1,50,4,2022-02-10T09:47:22Z
254662819,digitalepidemiologylab/covid-twitter-bert,https://api.github.com/repos/digitalepidemiologylab/covid-twitter-bert,143,20,394,5,12,4,2022-02-10T01:41:56Z
234535910,CrawlScript/tf_geometric,https://api.github.com/repos/CrawlScript/tf_geometric,362,74,256,8,8,4,2022-02-10T01:17:37Z
416559888,CLUEbenchmark/KgCLUE,https://api.github.com/repos/CLUEbenchmark/KgCLUE,127,32,116,2,2,4,2022-01-28T06:58:54Z
104820730,imyoungyang/myAWSStudyBlog,https://api.github.com/repos/imyoungyang/myAWSStudyBlog,86,44,307,0,2,4,2022-01-04T14:41:39Z
125326602,PacktPublishing/Advanced-Deep-Learning-with-Keras,https://api.github.com/repos/PacktPublishing/Advanced-Deep-Learning-with-Keras,1202,730,435,0,16,4,2022-01-02T01:35:51Z
185136269,burke86/astro_rcnn,https://api.github.com/repos/burke86/astro_rcnn,25,10,200,5,1,4,2021-12-17T00:18:52Z
94341587,datarobot/pic2vec,https://api.github.com/repos/datarobot/pic2vec,31,12,274,3,14,4,2021-11-15T17:47:01Z
64746852,leriomaggio/deep-learning-keras-tensorflow,https://api.github.com/repos/leriomaggio/deep-learning-keras-tensorflow,2874,1288,129,8,9,4,2021-10-30T02:46:04Z
134406154,BIMSBbioinfo/janggu,https://api.github.com/repos/BIMSBbioinfo/janggu,215,26,872,0,27,4,2021-09-29T08:17:16Z
110171294,DCASE-REPO/dcase_util,https://api.github.com/repos/DCASE-REPO/dcase_util,109,29,728,0,10,4,2021-08-04T20:56:21Z
194924868,ornlpmcp/ASCENDS,https://api.github.com/repos/ornlpmcp/ASCENDS,40,16,132,3,6,4,2021-05-18T17:03:50Z
126377943,greenelab/BioBombe,https://api.github.com/repos/greenelab/BioBombe,50,20,234,0,52,4,2021-05-12T15:05:23Z
257932939,PacktPublishing/Learn-Amazon-SageMaker,https://api.github.com/repos/PacktPublishing/Learn-Amazon-SageMaker,90,76,210,7,6,4,2021-04-26T16:29:07Z
234804580,Tachionstrahl/SignLanguageRecognition,https://api.github.com/repos/Tachionstrahl/SignLanguageRecognition,56,19,285,5,6,4,2021-04-16T16:07:42Z
125108687,gcamfer/Anomaly-ReactionRL,https://api.github.com/repos/gcamfer/Anomaly-ReactionRL,63,28,114,3,8,3,2022-02-11T12:28:21Z
233400525,bhadreshpsavani/CarPartsDetectionChallenge,https://api.github.com/repos/bhadreshpsavani/CarPartsDetectionChallenge,40,13,346,4,3,3,2022-02-11T03:04:34Z
137585470,cpmpercussion/keras-mdn-layer,https://api.github.com/repos/cpmpercussion/keras-mdn-layer,142,38,109,10,13,3,2022-02-11T02:50:11Z
125566590,bricewalker/Hey-Jetson,https://api.github.com/repos/bricewalker/Hey-Jetson,168,38,360,0,11,3,2022-02-11T02:32:08Z
107152954,sirimullalab/DLSCORE,https://api.github.com/repos/sirimullalab/DLSCORE,38,18,255,2,4,3,2022-02-10T04:22:17Z
75700443,hugochan/KATE,https://api.github.com/repos/hugochan/KATE,137,48,156,3,27,3,2022-02-10T01:12:18Z
149086461,plastering/plastering,https://api.github.com/repos/plastering/plastering,26,10,330,4,2,3,2022-02-10T00:27:56Z
86073365,zhangzhizza/HVAC-RL-Control,https://api.github.com/repos/zhangzhizza/HVAC-RL-Control,15,10,908,1,1,3,2022-02-10T00:23:52Z
144938099,kotritrona/osumapper,https://api.github.com/repos/kotritrona/osumapper,269,36,206,12,10,3,2022-02-10T00:10:41Z
129793058,MrGiovanni/UNetPlusPlus,https://api.github.com/repos/MrGiovanni/UNetPlusPlus,1611,431,171,42,28,3,2022-02-09T23:49:44Z
96311842,serengil/tensorflow-101,https://api.github.com/repos/serengil/tensorflow-101,778,554,457,0,22,3,2022-02-02T12:05:56Z
72460321,burakbayramli/books,https://api.github.com/repos/burakbayramli/books,138,138,506,0,1,3,2022-01-22T13:23:40Z
337705016,fcakyon/yolov5-pip,https://api.github.com/repos/fcakyon/yolov5-pip,115,19,162,2,33,3,2022-01-18T14:15:14Z
365587252,AutoViML/deep_autoviml,https://api.github.com/repos/AutoViML/deep_autoviml,87,23,129,5,9,3,2022-01-15T11:58:10Z
51673050,ScottfreeLLC/AlphaPy,https://api.github.com/repos/ScottfreeLLC/AlphaPy,704,158,413,12,29,3,2021-12-22T00:07:44Z
90831495,rameshvarun/NeuralKart,https://api.github.com/repos/rameshvarun/NeuralKart,649,54,153,8,3,3,2021-12-21T02:31:48Z
140285687,osmr/imgclsmob,https://api.github.com/repos/osmr/imgclsmob,2454,499,2476,6,83,3,2021-12-14T10:22:55Z
175776798,eth-cscs/tensorflow-training,https://api.github.com/repos/eth-cscs/tensorflow-training,13,12,116,0,4,3,2021-11-23T09:35:35Z
315747164,wandb/edu,https://api.github.com/repos/wandb/edu,63,14,232,11,46,3,2021-11-17T20:50:03Z
80655163,ellisdg/3DUnetCNN,https://api.github.com/repos/ellisdg/3DUnetCNN,1455,613,372,6,252,3,2021-11-03T16:23:46Z
135913708,kujirahand/book-mlearn-gyomu,https://api.github.com/repos/kujirahand/book-mlearn-gyomu,109,83,104,1,7,3,2021-11-01T05:52:50Z
199090254,kundajelab/bpnet,https://api.github.com/repos/kundajelab/bpnet,89,18,132,10,14,3,2021-10-22T20:40:15Z
189686717,kr-colab/locator,https://api.github.com/repos/kr-colab/locator,26,10,146,2,7,3,2021-10-21T18:00:55Z
102374838,sigmaai/self-driving-golf-cart,https://api.github.com/repos/sigmaai/self-driving-golf-cart,183,63,449,3,11,3,2021-10-12T22:54:36Z
209161611,siavash-khodadadeh/MetaLearning-TF2.0,https://api.github.com/repos/siavash-khodadadeh/MetaLearning-TF2.0,97,19,327,2,5,3,2021-09-17T14:42:22Z
114399769,harish2704/pottan-ocr,https://api.github.com/repos/harish2704/pottan-ocr,44,11,244,3,11,3,2021-08-11T12:59:47Z
104943539,tensorpack/benchmarks,https://api.github.com/repos/tensorpack/benchmarks,89,30,129,0,7,3,2021-05-07T04:02:45Z
174365764,maelfabien/Multimodal-Emotion-Recognition,https://api.github.com/repos/maelfabien/Multimodal-Emotion-Recognition,505,211,357,10,4,3,2021-04-29T20:09:29Z
175599901,LPDI-EPFL/masif,https://api.github.com/repos/LPDI-EPFL/masif,287,84,440,15,24,3,2021-03-23T05:02:33Z
187989988,kpe/bert-for-tf2,https://api.github.com/repos/kpe/bert-for-tf2,749,179,184,25,63,3,2021-01-21T17:15:12Z
391777965,leondgarse/keras_cv_attention_models,https://api.github.com/repos/leondgarse/keras_cv_attention_models,95,13,324,2,5,2,2022-02-14T10:19:20Z
49189773,xiaoxiaoyao/MyApp,https://api.github.com/repos/xiaoxiaoyao/MyApp,51,31,309,0,1,2,2022-02-14T01:28:22Z
92888477,sarisabban/Notes,https://api.github.com/repos/sarisabban/Notes,17,42,627,0,2,2,2022-02-13T12:45:40Z
4939076,MartinThoma/algorithms,https://api.github.com/repos/MartinThoma/algorithms,196,108,559,2,1,2,2022-02-12T08:09:05Z
191784463,yongzhuo/Keras-TextClassification,https://api.github.com/repos/yongzhuo/Keras-TextClassification,1222,368,123,1,67,2,2022-02-11T12:13:17Z
127285630,csc-training/intro-to-dl,https://api.github.com/repos/csc-training/intro-to-dl,36,27,420,1,1,2,2022-02-11T10:48:07Z
2287140,burakbayramli/classnotes,https://api.github.com/repos/burakbayramli/classnotes,54,31,742,0,1,2,2022-02-11T08:47:50Z
122900465,goruck/smart-zoneminder,https://api.github.com/repos/goruck/smart-zoneminder,154,35,596,1,7,2,2022-02-11T05:00:52Z
137778789,jim-schwoebel/voicebook,https://api.github.com/repos/jim-schwoebel/voicebook,289,61,646,8,17,2,2022-02-11T03:11:06Z
145695374,svakulenk0/KBQA,https://api.github.com/repos/svakulenk0/KBQA,82,11,1431,4,3,2,2022-02-11T03:00:31Z
167753773,kylemath/DeepEEG,https://api.github.com/repos/kylemath/DeepEEG,135,40,288,19,11,2,2022-02-11T02:48:51Z
137504144,KieranLitschel/PredictingClosingPriceTomorrow,https://api.github.com/repos/KieranLitschel/PredictingClosingPriceTomorrow,19,14,597,0,2,2,2022-02-11T02:34:08Z
211178030,khanhnamle1994/MetaRec,https://api.github.com/repos/khanhnamle1994/MetaRec,192,46,315,1,1,2,2022-02-10T14:38:50Z
244779195,julrog/nn_vis,https://api.github.com/repos/julrog/nn_vis,619,123,134,2,14,2,2022-02-10T04:14:36Z
286760077,coleygroup/molpal,https://api.github.com/repos/coleygroup/molpal,74,18,465,1,9,2,2022-02-10T02:42:07Z
92058036,aschampion/diluvian,https://api.github.com/repos/aschampion/diluvian,20,16,413,8,7,2,2022-02-09T23:54:04Z
118878625,icoxfog417/baby-steps-of-rl-ja,https://api.github.com/repos/icoxfog417/baby-steps-of-rl-ja,349,212,197,4,38,2,2022-02-09T23:36:21Z
201675838,vibudh2209/D2,https://api.github.com/repos/vibudh2209/D2,57,21,143,1,3,2,2022-02-09T23:34:19Z
116224372,wucng/TensorExpand,https://api.github.com/repos/wucng/TensorExpand,344,241,352,15,3,2,2022-02-09T23:32:01Z
162232730,yyht/BERT,https://api.github.com/repos/yyht/BERT,30,10,2711,5,1,2,2022-02-09T23:28:46Z
190940467,pedropro/TACO,https://api.github.com/repos/pedropro/TACO,365,113,137,20,13,2,2022-02-07T20:00:10Z
256262711,huangrt01/CS-Notes,https://api.github.com/repos/huangrt01/CS-Notes,2956,431,158,1,3,2,2022-02-04T14:55:50Z
70790978,antoinecarme/pyaf,https://api.github.com/repos/antoinecarme/pyaf,353,57,1542,11,134,2,2022-01-31T22:17:34Z
62860862,GeoPyTool/GeoPyTool,https://api.github.com/repos/GeoPyTool/GeoPyTool,156,47,617,8,7,2,2022-01-27T09:02:47Z
42652510,berleon/deepdecoder,https://api.github.com/repos/berleon/deepdecoder,51,15,303,1,5,2,2022-01-21T18:56:23Z
271900493,MihawkHu/DCASE2020_task1,https://api.github.com/repos/MihawkHu/DCASE2020_task1,62,25,153,0,19,2,2022-01-20T08:45:53Z
144081173,philtabor/Youtube-Code-Repository,https://api.github.com/repos/philtabor/Youtube-Code-Repository,502,329,186,19,15,2,2022-01-17T12:54:35Z
18587808,gjbex/training-material,https://api.github.com/repos/gjbex/training-material,101,49,4749,3,13,2,2022-01-12T15:43:36Z
257438918,BBillot/SynthSeg,https://api.github.com/repos/BBillot/SynthSeg,89,22,214,2,17,2,2022-01-12T11:37:33Z
262872040,JacopoPan/a-minimalist-guide,https://api.github.com/repos/JacopoPan/a-minimalist-guide,37,11,346,0,1,2,2022-01-11T00:39:00Z
100740147,lishen/end2end-all-conv,https://api.github.com/repos/lishen/end2end-all-conv,270,108,362,15,9,2,2022-01-05T17:25:22Z
196534475,williamfzc/stagesepx,https://api.github.com/repos/williamfzc/stagesepx,351,101,582,21,137,2,2021-12-17T15:35:42Z
118073734,Koziev/chatbot,https://api.github.com/repos/Koziev/chatbot,162,44,466,23,23,2,2021-12-12T11:01:13Z
125501606,gionanide/Speech_Signal_Processing_and_Classification,https://api.github.com/repos/gionanide/Speech_Signal_Processing_and_Classification,182,60,186,2,1,2,2021-12-06T07:31:59Z
91879775,GauravBh1010tt/DeepLearn,https://api.github.com/repos/GauravBh1010tt/DeepLearn,1729,373,219,10,8,2,2021-12-05T07:00:47Z
144119757,khanhnamle1994/cracking-the-data-science-interview,https://api.github.com/repos/khanhnamle1994/cracking-the-data-science-interview,1621,510,518,0,1,2,2021-12-04T13:49:26Z
101189247,slerch/ppnn,https://api.github.com/repos/slerch/ppnn,37,21,221,0,1,2,2021-11-23T16:55:34Z
92932610,zfw1226/gym-unrealcv,https://api.github.com/repos/zfw1226/gym-unrealcv,239,51,666,6,12,2,2021-11-02T08:51:27Z
307009244,ben1234560/AiLearning-Theory-Applying,https://api.github.com/repos/ben1234560/AiLearning-Theory-Applying,1014,168,539,0,1,2,2021-10-27T04:38:19Z
176226132,Jungjee/RawNet,https://api.github.com/repos/Jungjee/RawNet,167,41,131,1,22,2,2021-10-12T05:23:00Z
182123498,johli/aparent,https://api.github.com/repos/johli/aparent,19,11,114,2,4,2,2021-10-01T16:03:11Z
184317473,CMU-CREATE-Lab/deep-smoke-machine,https://api.github.com/repos/CMU-CREATE-Lab/deep-smoke-machine,82,23,494,1,5,2,2021-09-16T11:09:41Z
139062293,ahmetozlu/tensorflow_object_counting_api,https://api.github.com/repos/ahmetozlu/tensorflow_object_counting_api,1070,483,147,19,70,2,2021-09-12T10:37:45Z
240737265,lmoroney/tfbook,https://api.github.com/repos/lmoroney/tfbook,241,120,242,6,4,2,2021-09-07T21:11:17Z
77638266,KordingLab/Neural_Decoding,https://api.github.com/repos/KordingLab/Neural_Decoding,260,88,117,4,7,2,2021-09-07T17:47:47Z
96482151,guicho271828/latplan,https://api.github.com/repos/guicho271828/latplan,70,16,1600,0,9,2,2021-08-17T20:25:21Z
85496265,drscotthawley/panotti,https://api.github.com/repos/drscotthawley/panotti,250,75,310,16,19,2,2021-07-29T04:58:20Z
167427139,google-research/tensorflow_constrained_optimization,https://api.github.com/repos/google-research/tensorflow_constrained_optimization,265,47,149,12,1,2,2021-07-09T19:13:56Z
264489309,jphall663/GWU_rml,https://api.github.com/repos/jphall663/GWU_rml,21,14,277,0,1,2,2021-06-26T17:03:11Z
181169714,FabianGroeger96/cnn-number-detection,https://api.github.com/repos/FabianGroeger96/cnn-number-detection,47,12,123,1,10,2,2021-06-02T16:34:17Z
70411933,spillai/pybot,https://api.github.com/repos/spillai/pybot,60,19,1628,1,1,2,2021-06-01T22:11:13Z
15994566,gooofy/zamia-ai,https://api.github.com/repos/gooofy/zamia-ai,143,28,1546,0,10,2,2021-05-13T19:06:43Z
12484192,berak/opencv_smallfry,https://api.github.com/repos/berak/opencv_smallfry,56,24,267,0,3,2,2021-05-13T14:39:30Z
101130877,IcedDoggie/Micro-Expression-with-Deep-Learning,https://api.github.com/repos/IcedDoggie/Micro-Expression-with-Deep-Learning,217,97,115,34,7,2,2021-04-11T10:41:52Z
97203950,rahulremanan/python_tutorial,https://api.github.com/repos/rahulremanan/python_tutorial,34,39,564,0,3,2,2021-03-10T14:50:51Z
124969197,nabeel-oz/qlik-py-tools,https://api.github.com/repos/nabeel-oz/qlik-py-tools,155,79,393,21,91,2,2021-02-10T02:04:32Z
135771325,HunterMcGushion/hyperparameter_hunter,https://api.github.com/repos/HunterMcGushion/hyperparameter_hunter,682,91,1096,32,84,2,2021-01-20T03:52:41Z
192836380,Baymax94/children-python,https://api.github.com/repos/Baymax94/children-python,56,46,223,1,3,2,2021-01-18T05:17:31Z
